[
{
    "section1": {
      "title": "Accessible to a wider audience",
      "paragraphs": [
        "Advanced AI capabilities accessible to a broader audience, including small & medium-sized businesses and individuals who may not have the resources or expertise to develop.",
        "Advanced AI capabilities accessible to a broader audience, including small & medium-sized businesses and individuals who may not have the resources or expertise to develop."
      ],
      "image": "content-image-1"
    },
    "section2": {
      "title": "Providing quick deploy solutions",
      "paragraphs": [
        "Our AI SaaS solutions can be quickly deployed, enabling users to start benefiting from AI capabilities without lengthy setup and development times in fast-paced industries."
      ],
      "listItems": [
        "Ready-to-use AI capabilities system",
        "Users can quickly integrate AI features",
        "Time savings translate to cost savings"
      ],
      "image": "content-image-2",
      "checkIcon": "check-circle"
    }
  }
]