[
    {
      "question": "How do I start AI SaaS?",
      "answer": "Go to our official website and create an account. You will need to provide some basic information and agree to our terms and conditions."
    },
    {
      "question": "Can I customize AI SaaS solutions?",
      "answer": "Yes, our AI SaaS solutions are highly customizable to meet your specific business needs."
    },
    {
      "question": "How can AI benefit my business?",
      "answer": "AI can provide numerous benefits to your business, including improved efficiency, cost savings, and enhanced decision-making capabilities."
    }
  ]