[
    {
      "id": 1,
     "ratingImg": "rating",
      "ratingAlt": "rating",
      "ratingWidth": 146,
      "ratingHeight": 25,
      "quote": "“This AI SaaS tool has revolutionized the way we process and analyze data. This is a game-changer for our business.”",
      "userImg": "userImage",
      "userAlt": "testimonial-img",
      "userWidth": 60,
      "userHeight": 60,
      "userName": "Max Weber",
      "userTitle": "HR Manager",
      "animation": "fade-left",
      "delay": "0.1"
    },
    {
      "id": 2,
      "ratingImg": "rating",
      "ratingAlt": "rating",
      "ratingWidth": 146,
      "ratingHeight": 25,
      "quote": "It answers immediately, and we ve seen a significant reduction in response time. Our customers love it and so do we!",
      "userImg": "userImage",
      "userAlt": "testimonial-img",
      "userWidth": 60,
      "userHeight": 60,
      "userName": "Douglas Smith",
      "userTitle": "Businessman",
      "animation": "fade-left",
      "delay": "0.2"
    },
    {
      "id": 3,
      "ratingImg": "rating",
      "ratingAlt": "rating",
      "ratingWidth": 146,
      "ratingHeight": 25,
      "quote": "It is accurate, fast and supports multiple languages support. It is a must for any international business success.",
      "userImg": "userImage",
      "userAlt": "testimonial-img",
      "userWidth": 60,
      "userHeight": 60,
      "userName": "Abraham Maslo",
      "userTitle": "Founder @ Marketing Company",
      "animation": "fade-left",
      "delay": "0.3"
    },
    {
      "id": 4,
      "ratingImg": "rating",
      "ratingAlt": "rating",
      "ratingWidth": 146,
      "ratingHeight": 25,
      "quote": "Security is a top concern for us, and AI SaaS takes it seriously. Its a reassuring layer of protection for our organization.",
      "userImg": "userImage",
      "userAlt": "testimonial-img",
      "userWidth": 60,
      "userHeight": 60,
      "userName": "Jack Fayol",
      "userTitle": "HR Manager",
      "animation": "fade-right",
      "delay": "0.1"
    },
    {
      "id": 5,
    "ratingImg": "rating",
      "ratingAlt": "rating",
      "ratingWidth": 146,
      "ratingHeight": 25,
      "quote": "We were concerned about integrating their APIs were well documented, and their support team was super cool.",
      "userImg": "userImage",
      "userAlt": "testimonial-img",
      "userWidth": 60,
      "userHeight": 60,
      "userName": "Karen Lynn",
      "userTitle": "Software Engineer",
      "animation": "fade-right",
      "delay": "0.2"
    },
    {
      "id": 6,
    "ratingImg": "rating",
      "ratingAlt": "rating",
      "ratingWidth": 146,
      "ratingHeight": 25,
      "quote": "The return on investment has exceeded our expectations. its an investment in the future of our business.",
      "userImg": "userImage",
      "userAlt": "testimonial-img",
      "userWidth": 60,
      "userHeight": 60,
      "userName": "Henry Ochi",
      "userTitle": "Bank Manager",
      "animation": "fade-right",
      "delay": "0.3"
    }
  ]
  